timeStamp,elapsed,label,responseCode,responseMessage,threadName,dataType,success,failureMessage,bytes,sentBytes,grpThreads,allThreads,Latency,IdleTime,Connect
1620289376293,2302,conf #1 req,Non HTTP response code: java.net.UnknownHostException,Non HTTP response message: aqua,conf #1 users 1-1,text,false,"The operation lasted too long: It took 2,302 milliseconds, but should not have lasted longer than 570 milliseconds.",1816,0,12,36,0,0,0
1620289378602,1,conf #1 req,Non HTTP response code: java.net.UnknownHostException,Non HTTP response message: aqua,conf #1 users 1-1,text,false,,1816,0,12,36,0,0,0
1620289376303,2307,conf #1 req,Non HTTP response code: java.net.UnknownHostException,Non HTTP response message: aqua,conf #1 users 1-3,text,false,"The operation lasted too long: It took 2,307 milliseconds, but should not have lasted longer than 570 milliseconds.",1816,0,12,36,0,0,0
1620289376302,2309,conf #1 req,Non HTTP response code: java.net.UnknownHostException,Non HTTP response message: aqua,conf #1 users 1-6,text,false,"The operation lasted too long: It took 2,309 milliseconds, but should not have lasted longer than 570 milliseconds.",1816,0,12,36,0,0,0
1620289376305,2304,conf #1 req,Non HTTP response code: java.net.UnknownHostException,Non HTTP response message: aqua,conf #1 users 1-4,text,false,"The operation lasted too long: It took 2,304 milliseconds, but should not have lasted longer than 570 milliseconds.",1816,0,12,36,0,0,0
1620289378612,1,conf #1 req,Non HTTP response code: java.net.UnknownHostException,Non HTTP response message: aqua,conf #1 users 1-6,text,false,,1816,0,12,36,0,0,0
1620289378611,1,conf #1 req,Non HTTP response code: java.net.UnknownHostException,Non HTTP response message: aqua,conf #1 users 1-3,text,false,,1816,0,12,36,0,0,0
1620289378613,0,conf #1 req,Non HTTP response code: java.net.UnknownHostException,Non HTTP response message: aqua,conf #1 users 1-4,text,false,,1816,0,12,36,0,0,0
1620289376302,2312,conf #1 req,Non HTTP response code: java.net.UnknownHostException,Non HTTP response message: aqua,conf #1 users 1-5,text,false,"The operation lasted too long: It took 2,312 milliseconds, but should not have lasted longer than 570 milliseconds.",1816,0,12,36,0,0,0
1620289376302,2312,conf #1 req,Non HTTP response code: java.net.UnknownHostException,Non HTTP response message: aqua,conf #1 users 1-7,text,false,"The operation lasted too long: It took 2,312 milliseconds, but should not have lasted longer than 570 milliseconds.",1816,0,12,36,0,0,0
1620289376301,2313,conf #1 req,Non HTTP response code: java.net.UnknownHostException,Non HTTP response message: aqua,conf #1 users 1-8,text,false,"The operation lasted too long: It took 2,313 milliseconds, but should not have lasted longer than 570 milliseconds.",1816,0,12,36,0,0,0
1620289378615,1,conf #1 req,Non HTTP response code: java.net.UnknownHostException,Non HTTP response message: aqua,conf #1 users 1-7,text,false,,1816,0,12,36,0,0,0
1620289378615,1,conf #1 req,Non HTTP response code: java.net.UnknownHostException,Non HTTP response message: aqua,conf #1 users 1-8,text,false,,1816,0,12,36,0,0,0
1620289378617,0,conf #1 req,Non HTTP response code: java.net.UnknownHostException,Non HTTP response message: aqua,conf #1 users 1-5,text,false,,1816,0,12,36,0,0,0
1620289376301,2316,conf #1 req,Non HTTP response code: java.net.UnknownHostException,Non HTTP response message: aqua,conf #1 users 1-9,text,false,"The operation lasted too long: It took 2,316 milliseconds, but should not have lasted longer than 570 milliseconds.",1816,0,12,36,0,0,0
1620289378618,0,conf #1 req,Non HTTP response code: java.net.UnknownHostException,Non HTTP response message: aqua,conf #1 users 1-9,text,false,,1816,0,12,36,0,0,0
1620289376299,2319,conf #1 req,Non HTTP response code: java.net.UnknownHostException,Non HTTP response message: aqua,conf #1 users 1-12,text,false,"The operation lasted too long: It took 2,319 milliseconds, but should not have lasted longer than 570 milliseconds.",1816,0,12,36,0,0,0
1620289378619,1,conf #1 req,Non HTTP response code: java.net.UnknownHostException,Non HTTP response message: aqua,conf #1 users 1-12,text,false,,1816,0,12,36,0,0,0
1620289376300,2319,conf #1 req,Non HTTP response code: java.net.UnknownHostException,Non HTTP response message: aqua,conf #1 users 1-10,text,false,"The operation lasted too long: It took 2,319 milliseconds, but should not have lasted longer than 570 milliseconds.",1816,0,12,36,0,0,0
1620289376299,2321,conf #1 req,Non HTTP response code: java.net.UnknownHostException,Non HTTP response message: aqua,conf #1 users 1-11,text,false,"The operation lasted too long: It took 2,321 milliseconds, but should not have lasted longer than 570 milliseconds.",1816,0,12,36,0,0,0
1620289378620,1,conf #1 req,Non HTTP response code: java.net.UnknownHostException,Non HTTP response message: aqua,conf #1 users 1-10,text,false,,1816,0,12,36,0,0,0
1620289378621,0,conf #1 req,Non HTTP response code: java.net.UnknownHostException,Non HTTP response message: aqua,conf #1 users 1-11,text,false,,1816,0,12,36,0,0,0
1620289376296,2325,conf #1 req,Non HTTP response code: java.net.UnknownHostException,Non HTTP response message: aqua,conf #1 users 1-2,text,false,"The operation lasted too long: It took 2,325 milliseconds, but should not have lasted longer than 570 milliseconds.",1816,0,12,36,0,0,0
1620289378622,1,conf #1 req,Non HTTP response code: java.net.UnknownHostException,Non HTTP response message: aqua,conf #1 users 1-2,text,false,,1816,0,12,36,0,0,0
1620289380102,1,conf #1 req,Non HTTP response code: java.net.UnknownHostException,Non HTTP response message: aqua,conf #1 users 1-1,text,false,,1816,0,12,36,0,0,0
1620289380111,1,conf #1 req,Non HTTP response code: java.net.UnknownHostException,Non HTTP response message: aqua,conf #1 users 1-3,text,false,,1816,0,12,36,0,0,0
1620289380113,1,conf #1 req,Non HTTP response code: java.net.UnknownHostException,Non HTTP response message: aqua,conf #1 users 1-4,text,false,,1816,0,12,36,0,0,0
1620289380113,1,conf #1 req,Non HTTP response code: java.net.UnknownHostException,Non HTTP response message: aqua,conf #1 users 1-6,text,false,,1816,0,12,36,0,0,0
1620289380115,1,conf #1 req,Non HTTP response code: java.net.UnknownHostException,Non HTTP response message: aqua,conf #1 users 1-8,text,false,,1816,0,12,36,0,0,0
1620289380115,1,conf #1 req,Non HTTP response code: java.net.UnknownHostException,Non HTTP response message: aqua,conf #1 users 1-7,text,false,,1816,0,12,36,0,0,0
1620289380117,1,conf #1 req,Non HTTP response code: java.net.UnknownHostException,Non HTTP response message: aqua,conf #1 users 1-5,text,false,,1816,0,12,36,0,0,0
1620289380118,1,conf #1 req,Non HTTP response code: java.net.UnknownHostException,Non HTTP response message: aqua,conf #1 users 1-9,text,false,,1816,0,12,36,0,0,0
1620289380119,1,conf #1 req,Non HTTP response code: java.net.UnknownHostException,Non HTTP response message: aqua,conf #1 users 1-12,text,false,,1816,0,12,36,0,0,0
1620289380120,0,conf #1 req,Non HTTP response code: java.net.UnknownHostException,Non HTTP response message: aqua,conf #1 users 1-10,text,false,,1816,0,12,36,0,0,0
1620289380121,0,conf #1 req,Non HTTP response code: java.net.UnknownHostException,Non HTTP response message: aqua,conf #1 users 1-11,text,false,,1816,0,12,36,0,0,0
1620289380122,0,conf #1 req,Non HTTP response code: java.net.UnknownHostException,Non HTTP response message: aqua,conf #1 users 1-2,text,false,,1816,0,12,36,0,0,0
1620289381602,1,conf #1 req,Non HTTP response code: java.net.UnknownHostException,Non HTTP response message: aqua,conf #1 users 1-1,text,false,,1816,0,12,36,0,0,0
1620289381612,0,conf #1 req,Non HTTP response code: java.net.UnknownHostException,Non HTTP response message: aqua,conf #1 users 1-3,text,false,,1816,0,12,36,0,0,0
1620289381613,0,conf #1 req,Non HTTP response code: java.net.UnknownHostException,Non HTTP response message: aqua,conf #1 users 1-6,text,false,,1816,0,12,36,0,0,0
1620289381613,1,conf #1 req,Non HTTP response code: java.net.UnknownHostException,Non HTTP response message: aqua,conf #1 users 1-4,text,false,,1816,0,12,36,0,0,0
1620289381616,0,conf #1 req,Non HTTP response code: java.net.UnknownHostException,Non HTTP response message: aqua,conf #1 users 1-8,text,false,,1816,0,12,36,0,0,0
1620289381616,0,conf #1 req,Non HTTP response code: java.net.UnknownHostException,Non HTTP response message: aqua,conf #1 users 1-7,text,false,,1816,0,12,36,0,0,0
1620289381617,1,conf #1 req,Non HTTP response code: java.net.UnknownHostException,Non HTTP response message: aqua,conf #1 users 1-5,text,false,,1816,0,12,36,0,0,0
1620289381618,1,conf #1 req,Non HTTP response code: java.net.UnknownHostException,Non HTTP response message: aqua,conf #1 users 1-9,text,false,,1816,0,12,36,0,0,0
1620289381619,1,conf #1 req,Non HTTP response code: java.net.UnknownHostException,Non HTTP response message: aqua,conf #1 users 1-12,text,false,,1816,0,12,36,0,0,0
1620289381621,0,conf #1 req,Non HTTP response code: java.net.UnknownHostException,Non HTTP response message: aqua,conf #1 users 1-10,text,false,,1816,0,12,36,0,0,0
1620289381621,1,conf #1 req,Non HTTP response code: java.net.UnknownHostException,Non HTTP response message: aqua,conf #1 users 1-11,text,false,,1816,0,12,36,0,0,0
1620289381622,1,conf #1 req,Non HTTP response code: java.net.UnknownHostException,Non HTTP response message: aqua,conf #1 users 1-2,text,false,,1816,0,12,36,0,0,0
